,precision,recall,f1-score,support
0,0.9999122589505407,0.9999923697322539,0.9999523127368865,262114.0
1,0.75,0.20689655172413793,0.32432432432432434,29.0
accuracy,0.99990463220456,0.99990463220456,0.99990463220456,0.99990463220456
macro avg,0.8749561294752703,0.6034444607281959,0.6621383185306053,262143.0
weighted avg,0.9998846119963608,0.99990463220456,0.9998775702808074,262143.0
