,precision,recall,f1-score,support
0,1.0,0.9993241702970078,0.9996619709234588,1987187.0
1,0.0,0.0,0.0,0.0
accuracy,0.9993241702970078,0.9993241702970078,0.9993241702970078,0.9993241702970078
macro avg,0.5,0.4996620851485039,0.4998309854617294,1987187.0
weighted avg,1.0,0.9993241702970078,0.9996619709234588,1987187.0
